[
  {
    "id": "XtSJoUMuaakLdet32SVcd",
    "name": "Bucket-1",
    "cards": [
      {
        "id": "oeqI7-NyrhnHAvTW4k4NH",
        "name": "Card-1",
        "link": "video.mp4"
      },
      {
        "id": "XIKeNzF_U5JE0OLTrNURB",
        "name": "Card-2",
        "link": "video.mp4"
      },
      {
        "id": "1yUDvmLuB6_qosSKD11sj",
        "name": "Card-3",
        "link": "video.mp4"
      },
      {
        "id": "UqIetjuJW_XmovqkqFb_I",
        "name": "Card-4",
        "link": "video.mp4"
      }
    ]
  },
  {
    "id": "-r_bKHGXe91TAw5_OiGq4",
    "name": "Bucket-2",
    "cards": [
      {
        "id": "rG8uRAmS9J8D-bgklxuRv",
        "name": "Card-1",
        "link": "video.mp4"
      },
      {
        "id": "JU0or7WEhE-KnZtKPciQN",
        "name": "Card-2",
        "link": "video.mp4"
      },
      {
        "id": "VM9GPTkXdUoTI2FR9iFEd",
        "name": "Card-3",
        "link": "video.mp4"
      }
    ]
  },
  {
    "id": "tIvz07uer_35N6ojhqt06",
    "name": "Bucket-3",
    "cards": [
      {
        "id": "OnWRlpwXUlRkOqddIhZAU",
        "name": "Card-1",
        "link": "video.mp4"
      },
      {
        "id": "0cqEnDAgCmrHS-4q8j5hY",
        "name": "Card-2",
        "link": "video.mp4"
      },
      {
        "id": "Ii4WW4fSJ-vWkULPwjASP",
        "name": "Card-3",
        "link": "video.mp4"
      },
      {
        "id": "O-FEmN3UOEJPFP1ZNDbwG",
        "name": "Card-4",
        "link": "video.mp4"
      },
      {
        "id": "DnXpYKjkImRLfKxM7_X5X",
        "name": "Card-5",
        "link": "video.mp4"
      }
    ]
  }
]